{"cameraMode":{"drawMode":0,"name":"Shaded","section":"Shading Mode"},"sceneLighting":true,"audioPlay":false,"sceneViewState":{"m_AlwaysRefresh":false,"showFog":true,"showSkybox":true,"showFlares":true,"showImageEffects":true,"showParticleSystems":true,"showVisualEffectGraphs":true,"m_FxEnabled":true},"in2DMode":false,"pivot":{"x":3.2049999237060549,"y":1.2030000686645508,"z":2.1389999389648439},"rotation":{"x":-0.040619950741529468,"y":0.0933828353881836,"z":-0.0038119074888527395,"w":-0.9947980046272278},"size":13.79701042175293,"orthographic":false}